student_id,question,reflection
1,What did you learn or experience from this task?,"Working on this project was a truly enjoyable experience. I felt excited every time I made progress and it boosted my confidence. The subject matter was engaging, and I learned how to manage my time better. Although there were challenges, the overall process felt rewarding. I would love to work on similar tasks again."
2,What did you learn or experience from this task?,"This assignment pushed me to think critically and step out of my comfort zone. I struggled initially but learned a lot through trial and error. It taught me how to ask for help and collaborate better. The feedback I received was incredibly helpful. In the end, I felt proud of my effort."
3,What did you learn or experience from this task?,"At first, I was completely confused and frustrated with the task. I didn't understand the instructions well and made many mistakes. However, over time I began to see where I went wrong and corrected myself. This experience reminded me to be patient with my learning. I now feel more confident about tackling similar tasks."
4,What did you learn or experience from this task?,"The project was not very engaging for me. I found it difficult to stay focused and motivated throughout. Some parts felt repetitive and lacked creativity. Despite this, I tried to complete it to the best of my ability. I hope future projects are more interactive."
5,What did you learn or experience from this task?,"I felt very proud after completing this work. It challenged me in many ways, but I pushed through. I learned to trust myself and my process. The sense of accomplishment was immense. I’ll carry this lesson into future academic work."
6,What did you learn or experience from this task?,"This task was more difficult than I expected. The instructions weren’t very clear, and I had to make a lot of assumptions. I got frustrated several times while trying to make it work. Eventually, I figured it out with help from a friend. It taught me resilience."
7,What did you learn or experience from this task?,Getting feedback on my work was the best part. It made me feel seen and valued. I appreciated that someone took the time to review what I did. It gave me the motivation to keep improving. I learned how to accept both praise and constructive criticism.
8,What did you learn or experience from this task?,"Honestly, I didn’t enjoy this project. I felt like the topic was not interesting, and the workload was too much. It felt like busywork rather than something meaningful. I hope future tasks are more aligned with my interests. Still, I did my best to complete it."
9,What did you learn or experience from this task?,"Overall, I gained a lot from this experience. It helped me understand the material better. I also developed new skills like organizing my thoughts clearly. Reflecting on my progress was eye-opening. I'm grateful for the opportunity."
10,What did you learn or experience from this task?,"Group work made this task harder than it needed to be. Some teammates didn’t contribute much, and I had to pick up the slack. It was stressful and made me resent the assignment. However, I did learn how to manage conflict. I hope future group tasks are better structured."
11,What did you learn or experience from this task?,This project helped me grow academically and personally. I became more aware of my learning habits. I learned to take breaks and manage my energy better. I also gained confidence in presenting my work. The experience was fulfilling overall.
12,What did you learn or experience from this task?,"I felt overwhelmed when I first started this. The topic seemed too big, and I didn’t know where to begin. I slowly broke it down into smaller steps. That made it easier and less scary. I ended up learning more than I thought I would."
13,What did you learn or experience from this task?,Presenting in front of the class was nerve-wracking. I was shaking the whole time but tried to keep calm. Everyone seemed supportive which helped me relax. I’m proud of how I handled it. This helped me become a better public speaker.
14,What did you learn or experience from this task?,"Reflecting on this task made me realize how far I've come. I used to doubt myself a lot, but now I feel more capable. The process was eye-opening and motivating. It also helped me appreciate the small wins. I look forward to my next challenge."
15,What did you learn or experience from this task?,"I’m not entirely happy with how I performed. I missed a few key points and ran out of time. But I did put in a solid effort. It was a learning moment for me. Next time, I’ll manage my time better and ask more questions early on."
16,What did you learn or experience from this task?,I’m incredibly thankful for the support I received. My peers and instructor really helped me stay on track. I felt more confident knowing I wasn’t alone in this. It turned a hard task into something more doable. I felt very supported throughout.
17,What did you learn or experience from this task?,"This project was neither great nor terrible. It had some interesting elements, but also parts that were tedious. I learned a few things, especially about formatting and structure. I would say it was a decent experience. I’m glad it’s done."
18,What did you learn or experience from this task?,This was one of the most enjoyable tasks I’ve worked on. I loved the freedom to be creative and explore. It didn’t even feel like work at times. I felt totally in the zone. I’d love to do something like this again.
19,What did you learn or experience from this task?,There were moments I wanted to quit. I kept hitting roadblocks that made me question myself. But I kept going and asked for help when I needed it. That made all the difference. I finished feeling proud and relieved.
20,What did you learn or experience from this task?,I learned that I’m more capable than I thought. This project pushed me to think differently and adapt. I was nervous at first but grew more comfortable as I went. It’s an experience that will stick with me. I’m thankful I had the chance.
